timer,lineLeft,lineCenter,lineRight,LeftFrontCurrent,LeftFrontVoltage,LeftFrontValue,LeftFrontPosition,LeftFrontVelocity,LeftFrontFaults,LeftRearCurrent,LeftRearVoltage,LeftRearValue,LeftRearPosition,LeftRearVelocity,LeftRearFaults,RightFrontCurrent,RightFrontVoltage,RightFrontValue,RightFrontPosition,RightFrontVelocity,RightFrontFaults,RightRearCurrent,RightRearVoltage,RightRearValue,RightRearPosition,RightRearVelocity,RightRearFaults,navx_Pitch,navx_Roll,navx_Yaw,navx_XAcc,navx_YAcc,navx_ZAcc,navx_Temp,navx_Bar,navx_Alt,navx_XDis,navx_YDis,
1767.662494,true,true,true,,,,,,,,,,,,,,,,,,,,,,,,,,,,,,,,,,,,
1767.662494,true,true,true,,,,,,,,,,,,,,,,,,,,,,,,,,,,,,,,,,,,
1767.721505,true,true,true,,,,,,,,,,,,,,,,,,,,,,,,,,,,,,,,,,,,
1767.721505,true,true,true,,,,,,,,,,,,,,,,,,,,,,,,,,,,,,,,,,,,
1767.802998,true,true,true,,,,,,,,,,,,,,,,,,,,,,,,,,,,,,,,,,,,
1767.802998,true,true,true,,,,,,,,,,,,,,,,,,,,,,,,,,,,,,,,,,,,
1767.881726,true,true,true,,,,,,,,,,,,,,,,,,,,,,,,,,,,,,,,,,,,
1767.881726,true,true,true,,,,,,,,,,,,,,,,,,,,,,,,,,,,,,,,,,,,
1767.958442,true,true,true,,,,,,,,,,,,,,,,,,,,,,,,,,,,,,,,,,,,
1767.958442,true,true,true,,,,,,,,,,,,,,,,,,,,,,,,,,,,,,,,,,,,
1768.037764,true,true,true,,,,,,,,,,,,,,,,,,,,,,,,,,,,,,,,,,,,
1768.037764,true,true,true,,,,,,,,,,,,,,,,,,,,,,,,,,,,,,,,,,,,
1768.115122,true,true,true,,,,,,,,,,,,,,,,,,,,,,,,,,,,,,,,,,,,
1768.115122,true,true,true,,,,,,,,,,,,,,,,,,,,,,,,,,,,,,,,,,,,
1768.194183,true,true,true,,,,,,,,,,,,,,,,,,,,,,,,,,,,,,,,,,,,
1768.194183,true,true,true,,,,,,,,,,,,,,,,,,,,,,,,,,,,,,,,,,,,
1768.278744,true,true,true,,,,,,,,,,,,,,,,,,,,,,,,,,,,,,,,,,,,
1768.278744,true,true,true,,,,,,,,,,,,,,,,,,,,,,,,,,,,,,,,,,,,
1768.353899,true,true,true,,,,,,,,,,,,,,,,,,,,,,,,,,,,,,,,,,,,
1768.353899,true,true,true,,,,,,,,,,,,,,,,,,,,,,,,,,,,,,,,,,,,
1768.4449690000001,true,true,true,,,,,,,,,,,,,,,,,,,,,,,,,,,,,,,,,,,,
1768.4449690000001,true,true,true,,,,,,,,,,,,,,,,,,,,,,,,,,,,,,,,,,,,
1768.533217,true,true,true,,,,,,,,,,,,,,,,,,,,,,,,,,,,,,,,,,,,
1768.533217,true,true,true,,,,,,,,,,,,,,,,,,,,,,,,,,,,,,,,,,,,
1768.616946,true,true,true,,,,,,,,,,,,,,,,,,,,,,,,,,,,,,,,,,,,
1768.616946,true,true,true,,,,,,,,,,,,,,,,,,,,,,,,,,,,,,,,,,,,
1768.69221,true,true,true,,,,,,,,,,,,,,,,,,,,,,,,,,,,,,,,,,,,
1768.69221,true,true,true,,,,,,,,,,,,,,,,,,,,,,,,,,,,,,,,,,,,
1768.7889949999999,true,true,true,,,,,,,,,,,,,,,,,,,,,,,,,,,,,,,,,,,,
1768.7889949999999,true,true,true,,,,,,,,,,,,,,,,,,,,,,,,,,,,,,,,,,,,
1768.8696089999999,true,true,true,,,,,,,,,,,,,,,,,,,,,,,,,,,,,,,,,,,,
1768.8696089999999,true,true,true,,,,,,,,,,,,,,,,,,,,,,,,,,,,,,,,,,,,
1768.956308,true,true,true,,,,,,,,,,,,,,,,,,,,,,,,,,,,,,,,,,,,
1768.956308,true,true,true,,,,,,,,,,,,,,,,,,,,,,,,,,,,,,,,,,,,
1769.034457,true,true,true,,,,,,,,,,,,,,,,,,,,,,,,,,,,,,,,,,,,
1769.034457,true,true,true,,,,,,,,,,,,,,,,,,,,,,,,,,,,,,,,,,,,
1769.1188789999999,true,true,true,,,,,,,,,,,,,,,,,,,,,,,,,,,,,,,,,,,,
1769.1188789999999,true,true,true,,,,,,,,,,,,,,,,,,,,,,,,,,,,,,,,,,,,
1769.185309,true,true,true,,,,,,,,,,,,,,,,,,,,,,,,,,,,,,,,,,,,
1769.185309,true,true,true,,,,,,,,,,,,,,,,,,,,,,,,,,,,,,,,,,,,
1769.274166,true,true,true,,,,,,,,,,,,,,,,,,,,,,,,,,,,,,,,,,,,
1769.274166,true,true,true,,,,,,,,,,,,,,,,,,,,,,,,,,,,,,,,,,,,
1769.351249,true,true,true,,,,,,,,,,,,,,,,,,,,,,,,,,,,,,,,,,,,
1769.351249,true,true,true,,,,,,,,,,,,,,,,,,,,,,,,,,,,,,,,,,,,
1769.441096,true,true,true,,,,,,,,,,,,,,,,,,,,,,,,,,,,,,,,,,,,
1769.441096,true,true,true,,,,,,,,,,,,,,,,,,,,,,,,,,,,,,,,,,,,
1769.505658,true,true,true,,,,,,,,,,,,,,,,,,,,,,,,,,,,,,,,,,,,
1769.505658,true,true,true,,,,,,,,,,,,,,,,,,,,,,,,,,,,,,,,,,,,
1769.5872149999998,true,true,true,,,,,,,,,,,,,,,,,,,,,,,,,,,,,,,,,,,,
1769.5872149999998,true,true,true,,,,,,,,,,,,,,,,,,,,,,,,,,,,,,,,,,,,
1769.667004,true,true,true,,,,,,,,,,,,,,,,,,,,,,,,,,,,,,,,,,,,
1769.667004,true,true,true,,,,,,,,,,,,,,,,,,,,,,,,,,,,,,,,,,,,
1769.755996,true,true,true,,,,,,,,,,,,,,,,,,,,,,,,,,,,,,,,,,,,
1769.755996,true,true,true,,,,,,,,,,,,,,,,,,,,,,,,,,,,,,,,,,,,
1769.8472989999998,true,true,true,,,,,,,,,,,,,,,,,,,,,,,,,,,,,,,,,,,,
1769.8472989999998,true,true,true,,,,,,,,,,,,,,,,,,,,,,,,,,,,,,,,,,,,
1769.936493,true,true,true,,,,,,,,,,,,,,,,,,,,,,,,,,,,,,,,,,,,
1769.936493,true,true,true,,,,,,,,,,,,,,,,,,,,,,,,,,,,,,,,,,,,
1770.0180579999999,true,true,true,,,,,,,,,,,,,,,,,,,,,,,,,,,,,,,,,,,,
1770.0180579999999,true,true,true,,,,,,,,,,,,,,,,,,,,,,,,,,,,,,,,,,,,
1770.099176,true,true,true,,,,,,,,,,,,,,,,,,,,,,,,,,,,,,,,,,,,
1770.099176,true,true,true,,,,,,,,,,,,,,,,,,,,,,,,,,,,,,,,,,,,
1770.166314,true,true,true,,,,,,,,,,,,,,,,,,,,,,,,,,,,,,,,,,,,
1770.166314,true,true,true,,,,,,,,,,,,,,,,,,,,,,,,,,,,,,,,,,,,
1770.246993,true,true,true,,,,,,,,,,,,,,,,,,,,,,,,,,,,,,,,,,,,
1770.246993,true,true,true,,,,,,,,,,,,,,,,,,,,,,,,,,,,,,,,,,,,
1770.333989,true,true,true,,,,,,,,,,,,,,,,,,,,,,,,,,,,,,,,,,,,
1770.333989,true,true,true,,,,,,,,,,,,,,,,,,,,,,,,,,,,,,,,,,,,
1770.413363,true,true,true,,,,,,,,,,,,,,,,,,,,,,,,,,,,,,,,,,,,
1770.413363,true,true,true,,,,,,,,,,,,,,,,,,,,,,,,,,,,,,,,,,,,
1770.489051,true,true,true,,,,,,,,,,,,,,,,,,,,,,,,,,,,,,,,,,,,
1770.489051,true,true,true,,,,,,,,,,,,,,,,,,,,,,,,,,,,,,,,,,,,
1770.574359,true,true,true,,,,,,,,,,,,,,,,,,,,,,,,,,,,,,,,,,,,
1770.574359,true,true,true,,,,,,,,,,,,,,,,,,,,,,,,,,,,,,,,,,,,
1770.6487789999999,true,true,true,,,,,,,,,,,,,,,,,,,,,,,,,,,,,,,,,,,,
1770.6487789999999,true,true,true,,,,,,,,,,,,,,,,,,,,,,,,,,,,,,,,,,,,
1770.7390870000002,true,true,true,,,,,,,,,,,,,,,,,,,,,,,,,,,,,,,,,,,,
1770.7390870000002,true,true,true,,,,,,,,,,,,,,,,,,,,,,,,,,,,,,,,,,,,
1770.8136029999998,true,true,true,,,,,,,,,,,,,,,,,,,,,,,,,,,,,,,,,,,,
1770.8136029999998,true,true,true,,,,,,,,,,,,,,,,,,,,,,,,,,,,,,,,,,,,
1770.899572,true,true,true,,,,,,,,,,,,,,,,,,,,,,,,,,,,,,,,,,,,
1770.899572,true,true,true,,,,,,,,,,,,,,,,,,,,,,,,,,,,,,,,,,,,
1770.980821,true,true,true,,,,,,,,,,,,,,,,,,,,,,,,,,,,,,,,,,,,
1770.980821,true,true,true,,,,,,,,,,,,,,,,,,,,,,,,,,,,,,,,,,,,
1771.062016,true,true,true,,,,,,,,,,,,,,,,,,,,,,,,,,,,,,,,,,,,
1771.062016,true,true,true,,,,,,,,,,,,,,,,,,,,,,,,,,,,,,,,,,,,
1771.14493,true,true,true,,,,,,,,,,,,,,,,,,,,,,,,,,,,,,,,,,,,
1771.14493,true,true,true,,,,,,,,,,,,,,,,,,,,,,,,,,,,,,,,,,,,
1771.2275009999998,true,true,true,,,,,,,,,,,,,,,,,,,,,,,,,,,,,,,,,,,,
1771.2275009999998,true,true,true,,,,,,,,,,,,,,,,,,,,,,,,,,,,,,,,,,,,
1771.3170489999998,true,true,true,,,,,,,,,,,,,,,,,,,,,,,,,,,,,,,,,,,,
1771.3170489999998,true,true,true,,,,,,,,,,,,,,,,,,,,,,,,,,,,,,,,,,,,
1771.389527,true,true,true,,,,,,,,,,,,,,,,,,,,,,,,,,,,,,,,,,,,
1771.389527,true,true,true,,,,,,,,,,,,,,,,,,,,,,,,,,,,,,,,,,,,
1771.471413,true,true,true,,,,,,,,,,,,,,,,,,,,,,,,,,,,,,,,,,,,
1771.471413,true,true,true,,,,,,,,,,,,,,,,,,,,,,,,,,,,,,,,,,,,
1771.5505019999998,true,true,true,,,,,,,,,,,,,,,,,,,,,,,,,,,,,,,,,,,,
1771.5505019999998,true,true,true,,,,,,,,,,,,,,,,,,,,,,,,,,,,,,,,,,,,
1771.636513,true,true,true,,,,,,,,,,,,,,,,,,,,,,,,,,,,,,,,,,,,
1771.636513,true,true,true,,,,,,,,,,,,,,,,,,,,,,,,,,,,,,,,,,,,
1771.7214609999999,true,true,true,,,,,,,,,,,,,,,,,,,,,,,,,,,,,,,,,,,,
1771.7214609999999,true,true,true,,,,,,,,,,,,,,,,,,,,,,,,,,,,,,,,,,,,
1771.808147,true,true,true,,,,,,,,,,,,,,,,,,,,,,,,,,,,,,,,,,,,
1771.808147,true,true,true,,,,,,,,,,,,,,,,,,,,,,,,,,,,,,,,,,,,
1771.890264,true,true,true,,,,,,,,,,,,,,,,,,,,,,,,,,,,,,,,,,,,
1771.890264,true,true,true,,,,,,,,,,,,,,,,,,,,,,,,,,,,,,,,,,,,
1771.982159,true,true,true,,,,,,,,,,,,,,,,,,,,,,,,,,,,,,,,,,,,
1771.982159,true,true,true,,,,,,,,,,,,,,,,,,,,,,,,,,,,,,,,,,,,
1772.058822,true,true,true,,,,,,,,,,,,,,,,,,,,,,,,,,,,,,,,,,,,
1772.058822,true,true,true,,,,,,,,,,,,,,,,,,,,,,,,,,,,,,,,,,,,
1772.145538,true,true,true,,,,,,,,,,,,,,,,,,,,,,,,,,,,,,,,,,,,
1772.145538,true,true,true,,,,,,,,,,,,,,,,,,,,,,,,,,,,,,,,,,,,
1772.223602,true,true,true,,,,,,,,,,,,,,,,,,,,,,,,,,,,,,,,,,,,
1772.223602,true,true,true,,,,,,,,,,,,,,,,,,,,,,,,,,,,,,,,,,,,
1772.300915,true,true,true,,,,,,,,,,,,,,,,,,,,,,,,,,,,,,,,,,,,
1772.300915,true,true,true,,,,,,,,,,,,,,,,,,,,,,,,,,,,,,,,,,,,
1772.3699339999998,true,true,true,,,,,,,,,,,,,,,,,,,,,,,,,,,,,,,,,,,,
1772.3699339999998,true,true,true,,,,,,,,,,,,,,,,,,,,,,,,,,,,,,,,,,,,
1772.463061,true,true,true,,,,,,,,,,,,,,,,,,,,,,,,,,,,,,,,,,,,
1772.463061,true,true,true,,,,,,,,,,,,,,,,,,,,,,,,,,,,,,,,,,,,
1772.5445459999999,true,true,true,,,,,,,,,,,,,,,,,,,,,,,,,,,,,,,,,,,,
1772.5445459999999,true,true,true,,,,,,,,,,,,,,,,,,,,,,,,,,,,,,,,,,,,
1772.625578,true,true,true,,,,,,,,,,,,,,,,,,,,,,,,,,,,,,,,,,,,
1772.625578,true,true,true,,,,,,,,,,,,,,,,,,,,,,,,,,,,,,,,,,,,
1772.7061019999999,true,true,true,,,,,,,,,,,,,,,,,,,,,,,,,,,,,,,,,,,,
1772.7061019999999,true,true,true,,,,,,,,,,,,,,,,,,,,,,,,,,,,,,,,,,,,
1772.790196,true,true,true,,,,,,,,,,,,,,,,,,,,,,,,,,,,,,,,,,,,
1772.790196,true,true,true,,,,,,,,,,,,,,,,,,,,,,,,,,,,,,,,,,,,
1772.8674979999998,true,true,true,,,,,,,,,,,,,,,,,,,,,,,,,,,,,,,,,,,,
1772.8674979999998,true,true,true,,,,,,,,,,,,,,,,,,,,,,,,,,,,,,,,,,,,
1772.9578459999998,true,true,true,,,,,,,,,,,,,,,,,,,,,,,,,,,,,,,,,,,,
1772.9578459999998,true,true,true,,,,,,,,,,,,,,,,,,,,,,,,,,,,,,,,,,,,
1773.0458159999998,true,true,true,,,,,,,,,,,,,,,,,,,,,,,,,,,,,,,,,,,,
1773.0458159999998,true,true,true,,,,,,,,,,,,,,,,,,,,,,,,,,,,,,,,,,,,
1773.1374239999998,true,true,true,,,,,,,,,,,,,,,,,,,,,,,,,,,,,,,,,,,,
1773.1374239999998,true,true,true,,,,,,,,,,,,,,,,,,,,,,,,,,,,,,,,,,,,
1773.218764,true,true,true,,,,,,,,,,,,,,,,,,,,,,,,,,,,,,,,,,,,
1773.218764,true,true,true,,,,,,,,,,,,,,,,,,,,,,,,,,,,,,,,,,,,
1773.2924620000001,true,true,true,,,,,,,,,,,,,,,,,,,,,,,,,,,,,,,,,,,,
1773.2924620000001,true,true,true,,,,,,,,,,,,,,,,,,,,,,,,,,,,,,,,,,,,
1773.380264,true,true,true,,,,,,,,,,,,,,,,,,,,,,,,,,,,,,,,,,,,
1773.380264,true,true,true,,,,,,,,,,,,,,,,,,,,,,,,,,,,,,,,,,,,
1773.463086,true,true,true,,,,,,,,,,,,,,,,,,,,,,,,,,,,,,,,,,,,
1773.463086,true,true,true,,,,,,,,,,,,,,,,,,,,,,,,,,,,,,,,,,,,
1773.5462320000001,true,true,true,,,,,,,,,,,,,,,,,,,,,,,,,,,,,,,,,,,,
1773.5462320000001,true,true,true,,,,,,,,,,,,,,,,,,,,,,,,,,,,,,,,,,,,
1773.630937,true,true,true,,,,,,,,,,,,,,,,,,,,,,,,,,,,,,,,,,,,
1773.630937,true,true,true,,,,,,,,,,,,,,,,,,,,,,,,,,,,,,,,,,,,
1773.7086499999998,true,true,true,,,,,,,,,,,,,,,,,,,,,,,,,,,,,,,,,,,,
1773.7086499999998,true,true,true,,,,,,,,,,,,,,,,,,,,,,,,,,,,,,,,,,,,
1773.787673,true,true,true,,,,,,,,,,,,,,,,,,,,,,,,,,,,,,,,,,,,
1773.787673,true,true,true,,,,,,,,,,,,,,,,,,,,,,,,,,,,,,,,,,,,
1773.872112,true,true,true,,,,,,,,,,,,,,,,,,,,,,,,,,,,,,,,,,,,
1773.872112,true,true,true,,,,,,,,,,,,,,,,,,,,,,,,,,,,,,,,,,,,
1773.955325,true,true,true,,,,,,,,,,,,,,,,,,,,,,,,,,,,,,,,,,,,
1773.955325,true,true,true,,,,,,,,,,,,,,,,,,,,,,,,,,,,,,,,,,,,
1774.036294,true,true,true,,,,,,,,,,,,,,,,,,,,,,,,,,,,,,,,,,,,
1774.036294,true,true,true,,,,,,,,,,,,,,,,,,,,,,,,,,,,,,,,,,,,
1774.125255,true,true,true,,,,,,,,,,,,,,,,,,,,,,,,,,,,,,,,,,,,
1774.125255,true,true,true,,,,,,,,,,,,,,,,,,,,,,,,,,,,,,,,,,,,
1774.207024,true,true,true,,,,,,,,,,,,,,,,,,,,,,,,,,,,,,,,,,,,
1774.207024,true,true,true,,,,,,,,,,,,,,,,,,,,,,,,,,,,,,,,,,,,
1774.280278,true,true,true,,,,,,,,,,,,,,,,,,,,,,,,,,,,,,,,,,,,
1774.280278,true,true,true,,,,,,,,,,,,,,,,,,,,,,,,,,,,,,,,,,,,
1774.361086,true,true,true,,,,,,,,,,,,,,,,,,,,,,,,,,,,,,,,,,,,
1774.361086,true,true,true,,,,,,,,,,,,,,,,,,,,,,,,,,,,,,,,,,,,
1774.435417,true,true,true,,,,,,,,,,,,,,,,,,,,,,,,,,,,,,,,,,,,
1774.435417,true,true,true,,,,,,,,,,,,,,,,,,,,,,,,,,,,,,,,,,,,
1774.508085,true,true,true,,,,,,,,,,,,,,,,,,,,,,,,,,,,,,,,,,,,
1774.508085,true,true,true,,,,,,,,,,,,,,,,,,,,,,,,,,,,,,,,,,,,
1774.5868759999998,true,true,true,,,,,,,,,,,,,,,,,,,,,,,,,,,,,,,,,,,,
1774.5868759999998,true,true,true,,,,,,,,,,,,,,,,,,,,,,,,,,,,,,,,,,,,
1774.674628,true,true,true,,,,,,,,,,,,,,,,,,,,,,,,,,,,,,,,,,,,
1774.674628,true,true,true,,,,,,,,,,,,,,,,,,,,,,,,,,,,,,,,,,,,
1774.754016,true,true,true,,,,,,,,,,,,,,,,,,,,,,,,,,,,,,,,,,,,
1774.754016,true,true,true,,,,,,,,,,,,,,,,,,,,,,,,,,,,,,,,,,,,
1774.837525,true,true,true,,,,,,,,,,,,,,,,,,,,,,,,,,,,,,,,,,,,
1774.837525,true,true,true,,,,,,,,,,,,,,,,,,,,,,,,,,,,,,,,,,,,
1774.914317,true,true,true,,,,,,,,,,,,,,,,,,,,,,,,,,,,,,,,,,,,
1774.914317,true,true,true,,,,,,,,,,,,,,,,,,,,,,,,,,,,,,,,,,,,
1774.996892,true,true,true,,,,,,,,,,,,,,,,,,,,,,,,,,,,,,,,,,,,
1774.996892,true,true,true,,,,,,,,,,,,,,,,,,,,,,,,,,,,,,,,,,,,
1775.066568,true,true,true,,,,,,,,,,,,,,,,,,,,,,,,,,,,,,,,,,,,
1775.066568,true,true,true,,,,,,,,,,,,,,,,,,,,,,,,,,,,,,,,,,,,
1775.1723570000001,true,true,true,,,,,,,,,,,,,,,,,,,,,,,,,,,,,,,,,,,,
1775.1723570000001,true,true,true,,,,,,,,,,,,,,,,,,,,,,,,,,,,,,,,,,,,
1775.255587,true,true,true,,,,,,,,,,,,,,,,,,,,,,,,,,,,,,,,,,,,
1775.255587,true,true,true,,,,,,,,,,,,,,,,,,,,,,,,,,,,,,,,,,,,
1775.3423059999998,true,true,true,,,,,,,,,,,,,,,,,,,,,,,,,,,,,,,,,,,,
1775.3423059999998,true,true,true,,,,,,,,,,,,,,,,,,,,,,,,,,,,,,,,,,,,
1775.4135689999998,true,true,true,,,,,,,,,,,,,,,,,,,,,,,,,,,,,,,,,,,,
1775.4135689999998,true,true,true,,,,,,,,,,,,,,,,,,,,,,,,,,,,,,,,,,,,
1775.495766,true,true,true,,,,,,,,,,,,,,,,,,,,,,,,,,,,,,,,,,,,
1775.495766,true,true,true,,,,,,,,,,,,,,,,,,,,,,,,,,,,,,,,,,,,
1775.5775090000002,true,true,true,,,,,,,,,,,,,,,,,,,,,,,,,,,,,,,,,,,,
1775.5775090000002,true,true,true,,,,,,,,,,,,,,,,,,,,,,,,,,,,,,,,,,,,
1775.664339,true,true,true,,,,,,,,,,,,,,,,,,,,,,,,,,,,,,,,,,,,
1775.664339,true,true,true,,,,,,,,,,,,,,,,,,,,,,,,,,,,,,,,,,,,
1775.740613,true,true,true,,,,,,,,,,,,,,,,,,,,,,,,,,,,,,,,,,,,
1775.740613,true,true,true,,,,,,,,,,,,,,,,,,,,,,,,,,,,,,,,,,,,
1775.823569,true,true,true,,,,,,,,,,,,,,,,,,,,,,,,,,,,,,,,,,,,
1775.823569,true,true,true,,,,,,,,,,,,,,,,,,,,,,,,,,,,,,,,,,,,
1775.9041369999998,true,true,true,,,,,,,,,,,,,,,,,,,,,,,,,,,,,,,,,,,,
1775.9041369999998,true,true,true,,,,,,,,,,,,,,,,,,,,,,,,,,,,,,,,,,,,
1775.9781229999999,true,true,true,,,,,,,,,,,,,,,,,,,,,,,,,,,,,,,,,,,,
1775.9781229999999,true,true,true,,,,,,,,,,,,,,,,,,,,,,,,,,,,,,,,,,,,
1776.057883,true,true,true,,,,,,,,,,,,,,,,,,,,,,,,,,,,,,,,,,,,
1776.057883,true,true,true,,,,,,,,,,,,,,,,,,,,,,,,,,,,,,,,,,,,
1776.1372290000002,true,true,true,,,,,,,,,,,,,,,,,,,,,,,,,,,,,,,,,,,,
1776.1372290000002,true,true,true,,,,,,,,,,,,,,,,,,,,,,,,,,,,,,,,,,,,
1776.235801,true,true,true,,,,,,,,,,,,,,,,,,,,,,,,,,,,,,,,,,,,
1776.235801,true,true,true,,,,,,,,,,,,,,,,,,,,,,,,,,,,,,,,,,,,
1776.3240349999999,true,true,true,,,,,,,,,,,,,,,,,,,,,,,,,,,,,,,,,,,,
1776.3240349999999,true,true,true,,,,,,,,,,,,,,,,,,,,,,,,,,,,,,,,,,,,
1776.397872,true,true,true,,,,,,,,,,,,,,,,,,,,,,,,,,,,,,,,,,,,
1776.397872,true,true,true,,,,,,,,,,,,,,,,,,,,,,,,,,,,,,,,,,,,
1776.487077,true,true,true,,,,,,,,,,,,,,,,,,,,,,,,,,,,,,,,,,,,
1776.487077,true,true,true,,,,,,,,,,,,,,,,,,,,,,,,,,,,,,,,,,,,
1776.572087,true,true,true,,,,,,,,,,,,,,,,,,,,,,,,,,,,,,,,,,,,
1776.572087,true,true,true,,,,,,,,,,,,,,,,,,,,,,,,,,,,,,,,,,,,
1776.656915,true,true,true,,,,,,,,,,,,,,,,,,,,,,,,,,,,,,,,,,,,
1776.656915,true,true,true,,,,,,,,,,,,,,,,,,,,,,,,,,,,,,,,,,,,
1776.72747,true,true,true,,,,,,,,,,,,,,,,,,,,,,,,,,,,,,,,,,,,
1776.72747,true,true,true,,,,,,,,,,,,,,,,,,,,,,,,,,,,,,,,,,,,
1776.80803,true,true,true,,,,,,,,,,,,,,,,,,,,,,,,,,,,,,,,,,,,
1776.80803,true,true,true,,,,,,,,,,,,,,,,,,,,,,,,,,,,,,,,,,,,
1776.891901,true,true,true,,,,,,,,,,,,,,,,,,,,,,,,,,,,,,,,,,,,
1776.891901,true,true,true,,,,,,,,,,,,,,,,,,,,,,,,,,,,,,,,,,,,
1776.9681289999999,true,true,true,,,,,,,,,,,,,,,,,,,,,,,,,,,,,,,,,,,,
1776.9681289999999,true,true,true,,,,,,,,,,,,,,,,,,,,,,,,,,,,,,,,,,,,
1777.049711,true,true,true,,,,,,,,,,,,,,,,,,,,,,,,,,,,,,,,,,,,
1777.049711,true,true,true,,,,,,,,,,,,,,,,,,,,,,,,,,,,,,,,,,,,
1777.12675,true,true,true,,,,,,,,,,,,,,,,,,,,,,,,,,,,,,,,,,,,
1777.12675,true,true,true,,,,,,,,,,,,,,,,,,,,,,,,,,,,,,,,,,,,
1777.205392,true,true,true,,,,,,,,,,,,,,,,,,,,,,,,,,,,,,,,,,,,
1777.205392,true,true,true,,,,,,,,,,,,,,,,,,,,,,,,,,,,,,,,,,,,
1777.29235,true,true,true,,,,,,,,,,,,,,,,,,,,,,,,,,,,,,,,,,,,
1777.29235,true,true,true,,,,,,,,,,,,,,,,,,,,,,,,,,,,,,,,,,,,
1777.378428,true,true,true,,,,,,,,,,,,,,,,,,,,,,,,,,,,,,,,,,,,
1777.378428,true,true,true,,,,,,,,,,,,,,,,,,,,,,,,,,,,,,,,,,,,
1777.450814,true,true,true,,,,,,,,,,,,,,,,,,,,,,,,,,,,,,,,,,,,
1777.450814,true,true,true,,,,,,,,,,,,,,,,,,,,,,,,,,,,,,,,,,,,
1777.533388,true,true,true,,,,,,,,,,,,,,,,,,,,,,,,,,,,,,,,,,,,
1777.533388,true,true,true,,,,,,,,,,,,,,,,,,,,,,,,,,,,,,,,,,,,
1777.6129990000002,true,true,true,,,,,,,,,,,,,,,,,,,,,,,,,,,,,,,,,,,,
1777.6129990000002,true,true,true,,,,,,,,,,,,,,,,,,,,,,,,,,,,,,,,,,,,
1777.6862039999999,true,true,true,,,,,,,,,,,,,,,,,,,,,,,,,,,,,,,,,,,,
1777.6862039999999,true,true,true,,,,,,,,,,,,,,,,,,,,,,,,,,,,,,,,,,,,
1777.76767,true,true,true,,,,,,,,,,,,,,,,,,,,,,,,,,,,,,,,,,,,
1777.76767,true,true,true,,,,,,,,,,,,,,,,,,,,,,,,,,,,,,,,,,,,
1777.856507,true,true,true,,,,,,,,,,,,,,,,,,,,,,,,,,,,,,,,,,,,
1777.856507,true,true,true,,,,,,,,,,,,,,,,,,,,,,,,,,,,,,,,,,,,
1777.9353449999999,true,true,true,,,,,,,,,,,,,,,,,,,,,,,,,,,,,,,,,,,,
1777.9353449999999,true,true,true,,,,,,,,,,,,,,,,,,,,,,,,,,,,,,,,,,,,
1778.0143899999998,true,true,true,,,,,,,,,,,,,,,,,,,,,,,,,,,,,,,,,,,,
1778.0143899999998,true,true,true,,,,,,,,,,,,,,,,,,,,,,,,,,,,,,,,,,,,
1778.097874,true,true,true,,,,,,,,,,,,,,,,,,,,,,,,,,,,,,,,,,,,
1778.097874,true,true,true,,,,,,,,,,,,,,,,,,,,,,,,,,,,,,,,,,,,
1778.16944,true,true,true,,,,,,,,,,,,,,,,,,,,,,,,,,,,,,,,,,,,
1778.16944,true,true,true,,,,,,,,,,,,,,,,,,,,,,,,,,,,,,,,,,,,
1778.25827,true,true,true,,,,,,,,,,,,,,,,,,,,,,,,,,,,,,,,,,,,
1778.25827,true,true,true,,,,,,,,,,,,,,,,,,,,,,,,,,,,,,,,,,,,
1778.311305,true,true,true,,,,,,,,,,,,,,,,,,,,,,,,,,,,,,,,,,,,
1778.311305,true,true,true,,,,,,,,,,,,,,,,,,,,,,,,,,,,,,,,,,,,
1778.3804790000002,true,true,true,,,,,,,,,,,,,,,,,,,,,,,,,,,,,,,,,,,,
1778.3804790000002,true,true,true,,,,,,,,,,,,,,,,,,,,,,,,,,,,,,,,,,,,
1778.458038,true,true,true,,,,,,,,,,,,,,,,,,,,,,,,,,,,,,,,,,,,
1778.458038,true,true,true,,,,,,,,,,,,,,,,,,,,,,,,,,,,,,,,,,,,
1778.5354499999999,true,true,true,,,,,,,,,,,,,,,,,,,,,,,,,,,,,,,,,,,,
1778.5354499999999,true,true,true,,,,,,,,,,,,,,,,,,,,,,,,,,,,,,,,,,,,
1778.609972,true,true,true,,,,,,,,,,,,,,,,,,,,,,,,,,,,,,,,,,,,
1778.609972,true,true,true,,,,,,,,,,,,,,,,,,,,,,,,,,,,,,,,,,,,
1778.693167,true,true,true,,,,,,,,,,,,,,,,,,,,,,,,,,,,,,,,,,,,
1778.693167,true,true,true,,,,,,,,,,,,,,,,,,,,,,,,,,,,,,,,,,,,
1778.773001,true,true,true,,,,,,,,,,,,,,,,,,,,,,,,,,,,,,,,,,,,
1778.773001,true,true,true,,,,,,,,,,,,,,,,,,,,,,,,,,,,,,,,,,,,
1778.854033,true,true,true,,,,,,,,,,,,,,,,,,,,,,,,,,,,,,,,,,,,
1778.854033,true,true,true,,,,,,,,,,,,,,,,,,,,,,,,,,,,,,,,,,,,
1778.9270589999999,true,true,true,,,,,,,,,,,,,,,,,,,,,,,,,,,,,,,,,,,,
1778.9270589999999,true,true,true,,,,,,,,,,,,,,,,,,,,,,,,,,,,,,,,,,,,
1779.0130060000001,true,true,true,,,,,,,,,,,,,,,,,,,,,,,,,,,,,,,,,,,,
1779.0130060000001,true,true,true,,,,,,,,,,,,,,,,,,,,,,,,,,,,,,,,,,,,
1779.086562,true,true,true,,,,,,,,,,,,,,,,,,,,,,,,,,,,,,,,,,,,
1779.086562,true,true,true,,,,,,,,,,,,,,,,,,,,,,,,,,,,,,,,,,,,
1779.1681389999999,true,true,true,,,,,,,,,,,,,,,,,,,,,,,,,,,,,,,,,,,,
1779.1681389999999,true,true,true,,,,,,,,,,,,,,,,,,,,,,,,,,,,,,,,,,,,
1779.2523410000001,true,true,true,,,,,,,,,,,,,,,,,,,,,,,,,,,,,,,,,,,,
1779.2523410000001,true,true,true,,,,,,,,,,,,,,,,,,,,,,,,,,,,,,,,,,,,
1779.340798,true,true,true,,,,,,,,,,,,,,,,,,,,,,,,,,,,,,,,,,,,
1779.340798,true,true,true,,,,,,,,,,,,,,,,,,,,,,,,,,,,,,,,,,,,
1779.4270279999998,true,true,true,,,,,,,,,,,,,,,,,,,,,,,,,,,,,,,,,,,,
1779.4270279999998,true,true,true,,,,,,,,,,,,,,,,,,,,,,,,,,,,,,,,,,,,
1779.512528,true,true,true,,,,,,,,,,,,,,,,,,,,,,,,,,,,,,,,,,,,
1779.512528,true,true,true,,,,,,,,,,,,,,,,,,,,,,,,,,,,,,,,,,,,
1779.595472,true,true,true,,,,,,,,,,,,,,,,,,,,,,,,,,,,,,,,,,,,
1779.595472,true,true,true,,,,,,,,,,,,,,,,,,,,,,,,,,,,,,,,,,,,
1779.6728699999999,true,true,true,,,,,,,,,,,,,,,,,,,,,,,,,,,,,,,,,,,,
1779.6728699999999,true,true,true,,,,,,,,,,,,,,,,,,,,,,,,,,,,,,,,,,,,
1779.752057,true,true,true,,,,,,,,,,,,,,,,,,,,,,,,,,,,,,,,,,,,
1779.752057,true,true,true,,,,,,,,,,,,,,,,,,,,,,,,,,,,,,,,,,,,
1779.841685,true,true,true,,,,,,,,,,,,,,,,,,,,,,,,,,,,,,,,,,,,
1779.841685,true,true,true,,,,,,,,,,,,,,,,,,,,,,,,,,,,,,,,,,,,
1779.904261,true,true,true,,,,,,,,,,,,,,,,,,,,,,,,,,,,,,,,,,,,
1779.904261,true,true,true,,,,,,,,,,,,,,,,,,,,,,,,,,,,,,,,,,,,
1779.9919909999999,true,true,true,,,,,,,,,,,,,,,,,,,,,,,,,,,,,,,,,,,,
1779.9919909999999,true,true,true,,,,,,,,,,,,,,,,,,,,,,,,,,,,,,,,,,,,
1780.065851,true,true,true,,,,,,,,,,,,,,,,,,,,,,,,,,,,,,,,,,,,
1780.065851,true,true,true,,,,,,,,,,,,,,,,,,,,,,,,,,,,,,,,,,,,
1780.1466939999998,true,true,true,,,,,,,,,,,,,,,,,,,,,,,,,,,,,,,,,,,,
1780.1466939999998,true,true,true,,,,,,,,,,,,,,,,,,,,,,,,,,,,,,,,,,,,
1780.226341,true,true,true,,,,,,,,,,,,,,,,,,,,,,,,,,,,,,,,,,,,
1780.226341,true,true,true,,,,,,,,,,,,,,,,,,,,,,,,,,,,,,,,,,,,
1780.3175649999998,true,true,true,,,,,,,,,,,,,,,,,,,,,,,,,,,,,,,,,,,,
1780.3175649999998,true,true,true,,,,,,,,,,,,,,,,,,,,,,,,,,,,,,,,,,,,
1780.375924,true,true,true,,,,,,,,,,,,,,,,,,,,,,,,,,,,,,,,,,,,
1780.375924,true,true,true,,,,,,,,,,,,,,,,,,,,,,,,,,,,,,,,,,,,
1780.464158,true,true,true,,,,,,,,,,,,,,,,,,,,,,,,,,,,,,,,,,,,
1780.464158,true,true,true,,,,,,,,,,,,,,,,,,,,,,,,,,,,,,,,,,,,
1780.5339649999999,true,true,true,,,,,,,,,,,,,,,,,,,,,,,,,,,,,,,,,,,,
1780.5339649999999,true,true,true,,,,,,,,,,,,,,,,,,,,,,,,,,,,,,,,,,,,
1780.615297,true,true,true,,,,,,,,,,,,,,,,,,,,,,,,,,,,,,,,,,,,
1780.615297,true,true,true,,,,,,,,,,,,,,,,,,,,,,,,,,,,,,,,,,,,
1780.69606,true,true,true,,,,,,,,,,,,,,,,,,,,,,,,,,,,,,,,,,,,
1780.69606,true,true,true,,,,,,,,,,,,,,,,,,,,,,,,,,,,,,,,,,,,
1780.777855,true,true,true,,,,,,,,,,,,,,,,,,,,,,,,,,,,,,,,,,,,
1780.777855,true,true,true,,,,,,,,,,,,,,,,,,,,,,,,,,,,,,,,,,,,
1780.85205,true,true,true,,,,,,,,,,,,,,,,,,,,,,,,,,,,,,,,,,,,
1780.85205,true,true,true,,,,,,,,,,,,,,,,,,,,,,,,,,,,,,,,,,,,
1780.931533,true,true,true,,,,,,,,,,,,,,,,,,,,,,,,,,,,,,,,,,,,
1780.931533,true,true,true,,,,,,,,,,,,,,,,,,,,,,,,,,,,,,,,,,,,
1781.0038869999998,true,true,true,,,,,,,,,,,,,,,,,,,,,,,,,,,,,,,,,,,,
1781.0038869999998,true,true,true,,,,,,,,,,,,,,,,,,,,,,,,,,,,,,,,,,,,
1781.086183,true,true,true,,,,,,,,,,,,,,,,,,,,,,,,,,,,,,,,,,,,
1781.086183,true,true,true,,,,,,,,,,,,,,,,,,,,,,,,,,,,,,,,,,,,
1781.155119,true,true,true,,,,,,,,,,,,,,,,,,,,,,,,,,,,,,,,,,,,
1781.155119,true,true,true,,,,,,,,,,,,,,,,,,,,,,,,,,,,,,,,,,,,
1781.238787,true,true,true,,,,,,,,,,,,,,,,,,,,,,,,,,,,,,,,,,,,
1781.238787,true,true,true,,,,,,,,,,,,,,,,,,,,,,,,,,,,,,,,,,,,
1781.307572,true,true,true,,,,,,,,,,,,,,,,,,,,,,,,,,,,,,,,,,,,
1781.307572,true,true,true,,,,,,,,,,,,,,,,,,,,,,,,,,,,,,,,,,,,
1781.39623,true,true,true,,,,,,,,,,,,,,,,,,,,,,,,,,,,,,,,,,,,
1781.39623,true,true,true,,,,,,,,,,,,,,,,,,,,,,,,,,,,,,,,,,,,
1781.475403,true,true,true,,,,,,,,,,,,,,,,,,,,,,,,,,,,,,,,,,,,
1781.475403,true,true,true,,,,,,,,,,,,,,,,,,,,,,,,,,,,,,,,,,,,
1781.559632,true,true,true,,,,,,,,,,,,,,,,,,,,,,,,,,,,,,,,,,,,
1781.559632,true,true,true,,,,,,,,,,,,,,,,,,,,,,,,,,,,,,,,,,,,
1781.6442949999998,true,true,true,,,,,,,,,,,,,,,,,,,,,,,,,,,,,,,,,,,,
1781.6442949999998,true,true,true,,,,,,,,,,,,,,,,,,,,,,,,,,,,,,,,,,,,
1781.727459,true,true,true,,,,,,,,,,,,,,,,,,,,,,,,,,,,,,,,,,,,
1781.727459,true,true,true,,,,,,,,,,,,,,,,,,,,,,,,,,,,,,,,,,,,
1781.772285,true,true,true,,,,,,,,,,,,,,,,,,,,,,,,,,,,,,,,,,,,
1781.772285,true,true,true,,,,,,,,,,,,,,,,,,,,,,,,,,,,,,,,,,,,
1781.863433,true,true,true,,,,,,,,,,,,,,,,,,,,,,,,,,,,,,,,,,,,
1781.863433,true,true,true,,,,,,,,,,,,,,,,,,,,,,,,,,,,,,,,,,,,
1781.944025,true,true,true,,,,,,,,,,,,,,,,,,,,,,,,,,,,,,,,,,,,
1781.944025,true,true,true,,,,,,,,,,,,,,,,,,,,,,,,,,,,,,,,,,,,
1782.026401,true,true,true,,,,,,,,,,,,,,,,,,,,,,,,,,,,,,,,,,,,
1782.026401,true,true,true,,,,,,,,,,,,,,,,,,,,,,,,,,,,,,,,,,,,
1782.107338,true,true,true,,,,,,,,,,,,,,,,,,,,,,,,,,,,,,,,,,,,
1782.107338,true,true,true,,,,,,,,,,,,,,,,,,,,,,,,,,,,,,,,,,,,
1782.190173,true,true,true,,,,,,,,,,,,,,,,,,,,,,,,,,,,,,,,,,,,
1782.190173,true,true,true,,,,,,,,,,,,,,,,,,,,,,,,,,,,,,,,,,,,
1782.2727320000001,true,true,true,,,,,,,,,,,,,,,,,,,,,,,,,,,,,,,,,,,,
1782.2727320000001,true,true,true,,,,,,,,,,,,,,,,,,,,,,,,,,,,,,,,,,,,
1782.352473,true,true,true,,,,,,,,,,,,,,,,,,,,,,,,,,,,,,,,,,,,
1782.352473,true,true,true,,,,,,,,,,,,,,,,,,,,,,,,,,,,,,,,,,,,
1782.4387,true,true,true,,,,,,,,,,,,,,,,,,,,,,,,,,,,,,,,,,,,
1782.4387,true,true,true,,,,,,,,,,,,,,,,,,,,,,,,,,,,,,,,,,,,
1782.51984,true,true,true,,,,,,,,,,,,,,,,,,,,,,,,,,,,,,,,,,,,
1782.51984,true,true,true,,,,,,,,,,,,,,,,,,,,,,,,,,,,,,,,,,,,
1782.5858999999998,true,true,true,,,,,,,,,,,,,,,,,,,,,,,,,,,,,,,,,,,,
1782.5858999999998,true,true,true,,,,,,,,,,,,,,,,,,,,,,,,,,,,,,,,,,,,
1782.670042,true,true,true,,,,,,,,,,,,,,,,,,,,,,,,,,,,,,,,,,,,
1782.670042,true,true,true,,,,,,,,,,,,,,,,,,,,,,,,,,,,,,,,,,,,
1782.75578,true,true,true,,,,,,,,,,,,,,,,,,,,,,,,,,,,,,,,,,,,
1782.75578,true,true,true,,,,,,,,,,,,,,,,,,,,,,,,,,,,,,,,,,,,
1782.8392149999997,true,true,true,,,,,,,,,,,,,,,,,,,,,,,,,,,,,,,,,,,,
1782.8392149999997,true,true,true,,,,,,,,,,,,,,,,,,,,,,,,,,,,,,,,,,,,
1782.88167,true,true,true,,,,,,,,,,,,,,,,,,,,,,,,,,,,,,,,,,,,
1782.88167,true,true,true,,,,,,,,,,,,,,,,,,,,,,,,,,,,,,,,,,,,
1782.9768499999998,true,true,true,,,,,,,,,,,,,,,,,,,,,,,,,,,,,,,,,,,,
1782.9768499999998,true,true,true,,,,,,,,,,,,,,,,,,,,,,,,,,,,,,,,,,,,
1783.050057,true,true,true,,,,,,,,,,,,,,,,,,,,,,,,,,,,,,,,,,,,
1783.050057,true,true,true,,,,,,,,,,,,,,,,,,,,,,,,,,,,,,,,,,,,
1783.136131,true,true,true,,,,,,,,,,,,,,,,,,,,,,,,,,,,,,,,,,,,
1783.136131,true,true,true,,,,,,,,,,,,,,,,,,,,,,,,,,,,,,,,,,,,
1783.217747,true,true,true,,,,,,,,,,,,,,,,,,,,,,,,,,,,,,,,,,,,
1783.217747,true,true,true,,,,,,,,,,,,,,,,,,,,,,,,,,,,,,,,,,,,
1783.3007149999999,true,true,true,,,,,,,,,,,,,,,,,,,,,,,,,,,,,,,,,,,,
1783.3007149999999,true,true,true,,,,,,,,,,,,,,,,,,,,,,,,,,,,,,,,,,,,
1783.37594,true,true,true,,,,,,,,,,,,,,,,,,,,,,,,,,,,,,,,,,,,
1783.37594,true,true,true,,,,,,,,,,,,,,,,,,,,,,,,,,,,,,,,,,,,
1783.460487,true,true,true,,,,,,,,,,,,,,,,,,,,,,,,,,,,,,,,,,,,
1783.460487,true,true,true,,,,,,,,,,,,,,,,,,,,,,,,,,,,,,,,,,,,
1783.5438319999998,true,true,true,,,,,,,,,,,,,,,,,,,,,,,,,,,,,,,,,,,,
1783.5438319999998,true,true,true,,,,,,,,,,,,,,,,,,,,,,,,,,,,,,,,,,,,
1783.626915,true,true,true,,,,,,,,,,,,,,,,,,,,,,,,,,,,,,,,,,,,
1783.626915,true,true,true,,,,,,,,,,,,,,,,,,,,,,,,,,,,,,,,,,,,
1783.708026,true,true,true,,,,,,,,,,,,,,,,,,,,,,,,,,,,,,,,,,,,
1783.708026,true,true,true,,,,,,,,,,,,,,,,,,,,,,,,,,,,,,,,,,,,
1783.7886839999999,true,true,true,,,,,,,,,,,,,,,,,,,,,,,,,,,,,,,,,,,,
1783.7886839999999,true,true,true,,,,,,,,,,,,,,,,,,,,,,,,,,,,,,,,,,,,
1783.869403,true,true,true,,,,,,,,,,,,,,,,,,,,,,,,,,,,,,,,,,,,
1783.869403,true,true,true,,,,,,,,,,,,,,,,,,,,,,,,,,,,,,,,,,,,
1783.956221,true,true,true,,,,,,,,,,,,,,,,,,,,,,,,,,,,,,,,,,,,
1783.956221,true,true,true,,,,,,,,,,,,,,,,,,,,,,,,,,,,,,,,,,,,
1784.0270870000002,true,true,true,,,,,,,,,,,,,,,,,,,,,,,,,,,,,,,,,,,,
1784.0270870000002,true,true,true,,,,,,,,,,,,,,,,,,,,,,,,,,,,,,,,,,,,
1784.0628319999998,true,true,true,,,,,,,,,,,,,,,,,,,,,,,,,,,,,,,,,,,,
1784.0628319999998,true,true,true,,,,,,,,,,,,,,,,,,,,,,,,,,,,,,,,,,,,
1784.169101,true,true,true,,,,,,,,,,,,,,,,,,,,,,,,,,,,,,,,,,,,
1784.169101,true,true,true,,,,,,,,,,,,,,,,,,,,,,,,,,,,,,,,,,,,
1784.257088,true,true,true,,,,,,,,,,,,,,,,,,,,,,,,,,,,,,,,,,,,
1784.257088,true,true,true,,,,,,,,,,,,,,,,,,,,,,,,,,,,,,,,,,,,
1784.343758,true,true,true,,,,,,,,,,,,,,,,,,,,,,,,,,,,,,,,,,,,
1784.343758,true,true,true,,,,,,,,,,,,,,,,,,,,,,,,,,,,,,,,,,,,
1784.429513,true,true,true,,,,,,,,,,,,,,,,,,,,,,,,,,,,,,,,,,,,
1784.429513,true,true,true,,,,,,,,,,,,,,,,,,,,,,,,,,,,,,,,,,,,
1784.516609,true,true,true,,,,,,,,,,,,,,,,,,,,,,,,,,,,,,,,,,,,
1784.516609,true,true,true,,,,,,,,,,,,,,,,,,,,,,,,,,,,,,,,,,,,
1784.606805,true,true,true,,,,,,,,,,,,,,,,,,,,,,,,,,,,,,,,,,,,
1784.606805,true,true,true,,,,,,,,,,,,,,,,,,,,,,,,,,,,,,,,,,,,
1784.687854,true,true,true,,,,,,,,,,,,,,,,,,,,,,,,,,,,,,,,,,,,
1784.687854,true,true,true,,,,,,,,,,,,,,,,,,,,,,,,,,,,,,,,,,,,
1784.7778389999999,true,true,true,,,,,,,,,,,,,,,,,,,,,,,,,,,,,,,,,,,,
1784.7778389999999,true,true,true,,,,,,,,,,,,,,,,,,,,,,,,,,,,,,,,,,,,
1784.8553100000001,true,true,true,,,,,,,,,,,,,,,,,,,,,,,,,,,,,,,,,,,,
1784.8553100000001,true,true,true,,,,,,,,,,,,,,,,,,,,,,,,,,,,,,,,,,,,
1784.9250519999998,true,true,true,,,,,,,,,,,,,,,,,,,,,,,,,,,,,,,,,,,,
1784.9250519999998,true,true,true,,,,,,,,,,,,,,,,,,,,,,,,,,,,,,,,,,,,
1785.021959,true,true,true,,,,,,,,,,,,,,,,,,,,,,,,,,,,,,,,,,,,
1785.021959,true,true,true,,,,,,,,,,,,,,,,,,,,,,,,,,,,,,,,,,,,
1785.109354,true,true,true,,,,,,,,,,,,,,,,,,,,,,,,,,,,,,,,,,,,
1785.109354,true,true,true,,,,,,,,,,,,,,,,,,,,,,,,,,,,,,,,,,,,
1785.152604,true,true,true,,,,,,,,,,,,,,,,,,,,,,,,,,,,,,,,,,,,
1785.152604,true,true,true,,,,,,,,,,,,,,,,,,,,,,,,,,,,,,,,,,,,
1785.2466359999999,true,true,true,,,,,,,,,,,,,,,,,,,,,,,,,,,,,,,,,,,,
1785.2466359999999,true,true,true,,,,,,,,,,,,,,,,,,,,,,,,,,,,,,,,,,,,
1785.32744,true,true,true,,,,,,,,,,,,,,,,,,,,,,,,,,,,,,,,,,,,
1785.32744,true,true,true,,,,,,,,,,,,,,,,,,,,,,,,,,,,,,,,,,,,
1785.41836,true,true,true,,,,,,,,,,,,,,,,,,,,,,,,,,,,,,,,,,,,
1785.41836,true,true,true,,,,,,,,,,,,,,,,,,,,,,,,,,,,,,,,,,,,
1785.499243,true,true,true,,,,,,,,,,,,,,,,,,,,,,,,,,,,,,,,,,,,
1785.499243,true,true,true,,,,,,,,,,,,,,,,,,,,,,,,,,,,,,,,,,,,
1785.5720919999999,true,true,true,,,,,,,,,,,,,,,,,,,,,,,,,,,,,,,,,,,,
1785.5720919999999,true,true,true,,,,,,,,,,,,,,,,,,,,,,,,,,,,,,,,,,,,
1785.667402,true,true,true,,,,,,,,,,,,,,,,,,,,,,,,,,,,,,,,,,,,
1785.667402,true,true,true,,,,,,,,,,,,,,,,,,,,,,,,,,,,,,,,,,,,
1785.763033,true,true,true,,,,,,,,,,,,,,,,,,,,,,,,,,,,,,,,,,,,
1785.763033,true,true,true,,,,,,,,,,,,,,,,,,,,,,,,,,,,,,,,,,,,
1785.8272279999999,true,true,true,,,,,,,,,,,,,,,,,,,,,,,,,,,,,,,,,,,,
1785.8272279999999,true,true,true,,,,,,,,,,,,,,,,,,,,,,,,,,,,,,,,,,,,
1785.914584,true,true,true,,,,,,,,,,,,,,,,,,,,,,,,,,,,,,,,,,,,
1785.914584,true,true,true,,,,,,,,,,,,,,,,,,,,,,,,,,,,,,,,,,,,
1785.967655,true,true,true,,,,,,,,,,,,,,,,,,,,,,,,,,,,,,,,,,,,
1785.967655,true,true,true,,,,,,,,,,,,,,,,,,,,,,,,,,,,,,,,,,,,
1786.048516,true,true,true,,,,,,,,,,,,,,,,,,,,,,,,,,,,,,,,,,,,
1786.048516,true,true,true,,,,,,,,,,,,,,,,,,,,,,,,,,,,,,,,,,,,
1786.1310019999999,true,true,true,,,,,,,,,,,,,,,,,,,,,,,,,,,,,,,,,,,,
1786.1310019999999,true,true,true,,,,,,,,,,,,,,,,,,,,,,,,,,,,,,,,,,,,
1786.2108349999999,true,true,true,,,,,,,,,,,,,,,,,,,,,,,,,,,,,,,,,,,,
1786.2108349999999,true,true,true,,,,,,,,,,,,,,,,,,,,,,,,,,,,,,,,,,,,
1786.276824,true,true,true,,,,,,,,,,,,,,,,,,,,,,,,,,,,,,,,,,,,
1786.276824,true,true,true,,,,,,,,,,,,,,,,,,,,,,,,,,,,,,,,,,,,
1786.34996,true,true,true,,,,,,,,,,,,,,,,,,,,,,,,,,,,,,,,,,,,
1786.34996,true,true,true,,,,,,,,,,,,,,,,,,,,,,,,,,,,,,,,,,,,
1786.4309879999998,true,true,true,,,,,,,,,,,,,,,,,,,,,,,,,,,,,,,,,,,,
1786.4309879999998,true,true,true,,,,,,,,,,,,,,,,,,,,,,,,,,,,,,,,,,,,
1786.5183100000002,true,true,true,,,,,,,,,,,,,,,,,,,,,,,,,,,,,,,,,,,,
1786.5183100000002,true,true,true,,,,,,,,,,,,,,,,,,,,,,,,,,,,,,,,,,,,
1786.593918,true,true,true,,,,,,,,,,,,,,,,,,,,,,,,,,,,,,,,,,,,
1786.593918,true,true,true,,,,,,,,,,,,,,,,,,,,,,,,,,,,,,,,,,,,
1786.686788,true,true,true,,,,,,,,,,,,,,,,,,,,,,,,,,,,,,,,,,,,
1786.686788,true,true,true,,,,,,,,,,,,,,,,,,,,,,,,,,,,,,,,,,,,
1786.771431,true,true,true,,,,,,,,,,,,,,,,,,,,,,,,,,,,,,,,,,,,
1786.771431,true,true,true,,,,,,,,,,,,,,,,,,,,,,,,,,,,,,,,,,,,
1786.860573,true,true,true,,,,,,,,,,,,,,,,,,,,,,,,,,,,,,,,,,,,
1786.860573,true,true,true,,,,,,,,,,,,,,,,,,,,,,,,,,,,,,,,,,,,
1786.9257679999998,true,true,true,,,,,,,,,,,,,,,,,,,,,,,,,,,,,,,,,,,,
1786.9257679999998,true,true,true,,,,,,,,,,,,,,,,,,,,,,,,,,,,,,,,,,,,
1787.015056,true,true,true,,,,,,,,,,,,,,,,,,,,,,,,,,,,,,,,,,,,
1787.015056,true,true,true,,,,,,,,,,,,,,,,,,,,,,,,,,,,,,,,,,,,
1787.093426,true,true,true,,,,,,,,,,,,,,,,,,,,,,,,,,,,,,,,,,,,
1787.093426,true,true,true,,,,,,,,,,,,,,,,,,,,,,,,,,,,,,,,,,,,
1787.177126,true,true,true,,,,,,,,,,,,,,,,,,,,,,,,,,,,,,,,,,,,
1787.177126,true,true,true,,,,,,,,,,,,,,,,,,,,,,,,,,,,,,,,,,,,
1787.263047,true,true,true,,,,,,,,,,,,,,,,,,,,,,,,,,,,,,,,,,,,
1787.263047,true,true,true,,,,,,,,,,,,,,,,,,,,,,,,,,,,,,,,,,,,
1787.3457279999998,true,true,true,,,,,,,,,,,,,,,,,,,,,,,,,,,,,,,,,,,,
1787.3457279999998,true,true,true,,,,,,,,,,,,,,,,,,,,,,,,,,,,,,,,,,,,
1787.3841639999998,true,true,true,,,,,,,,,,,,,,,,,,,,,,,,,,,,,,,,,,,,
1787.3841639999998,true,true,true,,,,,,,,,,,,,,,,,,,,,,,,,,,,,,,,,,,,
1787.4568969999998,true,true,true,,,,,,,,,,,,,,,,,,,,,,,,,,,,,,,,,,,,
1787.4568969999998,true,true,true,,,,,,,,,,,,,,,,,,,,,,,,,,,,,,,,,,,,
1787.546213,true,true,true,,,,,,,,,,,,,,,,,,,,,,,,,,,,,,,,,,,,
1787.546213,true,true,true,,,,,,,,,,,,,,,,,,,,,,,,,,,,,,,,,,,,
1787.6257,true,true,true,,,,,,,,,,,,,,,,,,,,,,,,,,,,,,,,,,,,
1787.6257,true,true,true,,,,,,,,,,,,,,,,,,,,,,,,,,,,,,,,,,,,
1787.718037,true,true,true,,,,,,,,,,,,,,,,,,,,,,,,,,,,,,,,,,,,
1787.718037,true,true,true,,,,,,,,,,,,,,,,,,,,,,,,,,,,,,,,,,,,
1787.799282,true,true,true,,,,,,,,,,,,,,,,,,,,,,,,,,,,,,,,,,,,
1787.799282,true,true,true,,,,,,,,,,,,,,,,,,,,,,,,,,,,,,,,,,,,
1787.8653599999998,true,true,true,,,,,,,,,,,,,,,,,,,,,,,,,,,,,,,,,,,,
1787.8653599999998,true,true,true,,,,,,,,,,,,,,,,,,,,,,,,,,,,,,,,,,,,
1787.951088,true,true,true,,,,,,,,,,,,,,,,,,,,,,,,,,,,,,,,,,,,
1787.951088,true,true,true,,,,,,,,,,,,,,,,,,,,,,,,,,,,,,,,,,,,
1788.0226169999999,true,true,true,,,,,,,,,,,,,,,,,,,,,,,,,,,,,,,,,,,,
1788.0226169999999,true,true,true,,,,,,,,,,,,,,,,,,,,,,,,,,,,,,,,,,,,
1788.1044479999998,true,true,true,,,,,,,,,,,,,,,,,,,,,,,,,,,,,,,,,,,,
1788.1044479999998,true,true,true,,,,,,,,,,,,,,,,,,,,,,,,,,,,,,,,,,,,
1788.185131,true,true,true,,,,,,,,,,,,,,,,,,,,,,,,,,,,,,,,,,,,
1788.185131,true,true,true,,,,,,,,,,,,,,,,,,,,,,,,,,,,,,,,,,,,
1788.275531,true,true,true,,,,,,,,,,,,,,,,,,,,,,,,,,,,,,,,,,,,
1788.275531,true,true,true,,,,,,,,,,,,,,,,,,,,,,,,,,,,,,,,,,,,
1788.35098,true,true,true,,,,,,,,,,,,,,,,,,,,,,,,,,,,,,,,,,,,
1788.35098,true,true,true,,,,,,,,,,,,,,,,,,,,,,,,,,,,,,,,,,,,
1788.436632,true,true,true,,,,,,,,,,,,,,,,,,,,,,,,,,,,,,,,,,,,
1788.436632,true,true,true,,,,,,,,,,,,,,,,,,,,,,,,,,,,,,,,,,,,
1788.515338,true,true,true,,,,,,,,,,,,,,,,,,,,,,,,,,,,,,,,,,,,
1788.515338,true,true,true,,,,,,,,,,,,,,,,,,,,,,,,,,,,,,,,,,,,
1788.5802979999999,true,true,true,,,,,,,,,,,,,,,,,,,,,,,,,,,,,,,,,,,,
1788.5802979999999,true,true,true,,,,,,,,,,,,,,,,,,,,,,,,,,,,,,,,,,,,
1788.629537,true,true,true,,,,,,,,,,,,,,,,,,,,,,,,,,,,,,,,,,,,
1788.629537,true,true,true,,,,,,,,,,,,,,,,,,,,,,,,,,,,,,,,,,,,
1788.725192,true,true,true,,,,,,,,,,,,,,,,,,,,,,,,,,,,,,,,,,,,
1788.725192,true,true,true,,,,,,,,,,,,,,,,,,,,,,,,,,,,,,,,,,,,
1788.8083159999999,true,true,true,,,,,,,,,,,,,,,,,,,,,,,,,,,,,,,,,,,,
1788.8083159999999,true,true,true,,,,,,,,,,,,,,,,,,,,,,,,,,,,,,,,,,,,
1788.889909,true,true,true,,,,,,,,,,,,,,,,,,,,,,,,,,,,,,,,,,,,
1788.889909,true,true,true,,,,,,,,,,,,,,,,,,,,,,,,,,,,,,,,,,,,
1788.974091,true,true,true,,,,,,,,,,,,,,,,,,,,,,,,,,,,,,,,,,,,
1788.974091,true,true,true,,,,,,,,,,,,,,,,,,,,,,,,,,,,,,,,,,,,
1789.0540090000002,true,true,true,,,,,,,,,,,,,,,,,,,,,,,,,,,,,,,,,,,,
1789.0540090000002,true,true,true,,,,,,,,,,,,,,,,,,,,,,,,,,,,,,,,,,,,
1789.1281299999998,true,true,true,,,,,,,,,,,,,,,,,,,,,,,,,,,,,,,,,,,,
1789.1281299999998,true,true,true,,,,,,,,,,,,,,,,,,,,,,,,,,,,,,,,,,,,
1789.212824,true,true,true,,,,,,,,,,,,,,,,,,,,,,,,,,,,,,,,,,,,
1789.212824,true,true,true,,,,,,,,,,,,,,,,,,,,,,,,,,,,,,,,,,,,
1789.295353,true,true,true,,,,,,,,,,,,,,,,,,,,,,,,,,,,,,,,,,,,
1789.295353,true,true,true,,,,,,,,,,,,,,,,,,,,,,,,,,,,,,,,,,,,
1789.377628,true,true,true,,,,,,,,,,,,,,,,,,,,,,,,,,,,,,,,,,,,
1789.377628,true,true,true,,,,,,,,,,,,,,,,,,,,,,,,,,,,,,,,,,,,
1789.442189,true,true,true,,,,,,,,,,,,,,,,,,,,,,,,,,,,,,,,,,,,
1789.442189,true,true,true,,,,,,,,,,,,,,,,,,,,,,,,,,,,,,,,,,,,
1789.504387,true,true,true,,,,,,,,,,,,,,,,,,,,,,,,,,,,,,,,,,,,
1789.504387,true,true,true,,,,,,,,,,,,,,,,,,,,,,,,,,,,,,,,,,,,
1789.585046,true,true,true,,,,,,,,,,,,,,,,,,,,,,,,,,,,,,,,,,,,
1789.585046,true,true,true,,,,,,,,,,,,,,,,,,,,,,,,,,,,,,,,,,,,
1789.657615,true,true,true,,,,,,,,,,,,,,,,,,,,,,,,,,,,,,,,,,,,
1789.657615,true,true,true,,,,,,,,,,,,,,,,,,,,,,,,,,,,,,,,,,,,
1789.751781,true,true,true,,,,,,,,,,,,,,,,,,,,,,,,,,,,,,,,,,,,
1789.751781,true,true,true,,,,,,,,,,,,,,,,,,,,,,,,,,,,,,,,,,,,
1789.82992,true,true,true,,,,,,,,,,,,,,,,,,,,,,,,,,,,,,,,,,,,
1789.82992,true,true,true,,,,,,,,,,,,,,,,,,,,,,,,,,,,,,,,,,,,
1789.9154139999998,true,true,true,,,,,,,,,,,,,,,,,,,,,,,,,,,,,,,,,,,,
1789.9154139999998,true,true,true,,,,,,,,,,,,,,,,,,,,,,,,,,,,,,,,,,,,
1789.974217,true,true,true,,,,,,,,,,,,,,,,,,,,,,,,,,,,,,,,,,,,
1789.974217,true,true,true,,,,,,,,,,,,,,,,,,,,,,,,,,,,,,,,,,,,
1790.052718,true,true,true,,,,,,,,,,,,,,,,,,,,,,,,,,,,,,,,,,,,
1790.052718,true,true,true,,,,,,,,,,,,,,,,,,,,,,,,,,,,,,,,,,,,
1790.133345,true,true,true,,,,,,,,,,,,,,,,,,,,,,,,,,,,,,,,,,,,
1790.133345,true,true,true,,,,,,,,,,,,,,,,,,,,,,,,,,,,,,,,,,,,
1790.223876,true,true,true,,,,,,,,,,,,,,,,,,,,,,,,,,,,,,,,,,,,
1790.223876,true,true,true,,,,,,,,,,,,,,,,,,,,,,,,,,,,,,,,,,,,
1790.305152,true,true,true,,,,,,,,,,,,,,,,,,,,,,,,,,,,,,,,,,,,
1790.305152,true,true,true,,,,,,,,,,,,,,,,,,,,,,,,,,,,,,,,,,,,
1790.384576,true,true,true,,,,,,,,,,,,,,,,,,,,,,,,,,,,,,,,,,,,
1790.384576,true,true,true,,,,,,,,,,,,,,,,,,,,,,,,,,,,,,,,,,,,
1790.4641510000001,true,true,true,,,,,,,,,,,,,,,,,,,,,,,,,,,,,,,,,,,,
1790.4641510000001,true,true,true,,,,,,,,,,,,,,,,,,,,,,,,,,,,,,,,,,,,
1790.550383,true,true,true,,,,,,,,,,,,,,,,,,,,,,,,,,,,,,,,,,,,
1790.550383,true,true,true,,,,,,,,,,,,,,,,,,,,,,,,,,,,,,,,,,,,
1790.638797,true,true,true,,,,,,,,,,,,,,,,,,,,,,,,,,,,,,,,,,,,
1790.638797,true,true,true,,,,,,,,,,,,,,,,,,,,,,,,,,,,,,,,,,,,
1790.721835,true,true,true,,,,,,,,,,,,,,,,,,,,,,,,,,,,,,,,,,,,
1790.721835,true,true,true,,,,,,,,,,,,,,,,,,,,,,,,,,,,,,,,,,,,
1790.80466,true,true,true,,,,,,,,,,,,,,,,,,,,,,,,,,,,,,,,,,,,
1790.80466,true,true,true,,,,,,,,,,,,,,,,,,,,,,,,,,,,,,,,,,,,
1790.885604,true,true,true,,,,,,,,,,,,,,,,,,,,,,,,,,,,,,,,,,,,
1790.885604,true,true,true,,,,,,,,,,,,,,,,,,,,,,,,,,,,,,,,,,,,
1790.967827,true,true,true,,,,,,,,,,,,,,,,,,,,,,,,,,,,,,,,,,,,
1790.967827,true,true,true,,,,,,,,,,,,,,,,,,,,,,,,,,,,,,,,,,,,
1791.060203,true,true,true,,,,,,,,,,,,,,,,,,,,,,,,,,,,,,,,,,,,
1791.060203,true,true,true,,,,,,,,,,,,,,,,,,,,,,,,,,,,,,,,,,,,
1791.142652,true,true,true,,,,,,,,,,,,,,,,,,,,,,,,,,,,,,,,,,,,
1791.142652,true,true,true,,,,,,,,,,,,,,,,,,,,,,,,,,,,,,,,,,,,
1791.223445,true,true,true,,,,,,,,,,,,,,,,,,,,,,,,,,,,,,,,,,,,
1791.223445,true,true,true,,,,,,,,,,,,,,,,,,,,,,,,,,,,,,,,,,,,
1791.306524,true,true,true,,,,,,,,,,,,,,,,,,,,,,,,,,,,,,,,,,,,
1791.306524,true,true,true,,,,,,,,,,,,,,,,,,,,,,,,,,,,,,,,,,,,
1791.3878599999998,true,true,true,,,,,,,,,,,,,,,,,,,,,,,,,,,,,,,,,,,,
1791.3878599999998,true,true,true,,,,,,,,,,,,,,,,,,,,,,,,,,,,,,,,,,,,
1791.4605940000001,true,true,true,,,,,,,,,,,,,,,,,,,,,,,,,,,,,,,,,,,,
1791.4605940000001,true,true,true,,,,,,,,,,,,,,,,,,,,,,,,,,,,,,,,,,,,
1791.5324839999998,true,true,true,,,,,,,,,,,,,,,,,,,,,,,,,,,,,,,,,,,,
1791.5324839999998,true,true,true,,,,,,,,,,,,,,,,,,,,,,,,,,,,,,,,,,,,
1791.621038,true,true,true,,,,,,,,,,,,,,,,,,,,,,,,,,,,,,,,,,,,
1791.621038,true,true,true,,,,,,,,,,,,,,,,,,,,,,,,,,,,,,,,,,,,
1791.696533,true,true,true,,,,,,,,,,,,,,,,,,,,,,,,,,,,,,,,,,,,
1791.696533,true,true,true,,,,,,,,,,,,,,,,,,,,,,,,,,,,,,,,,,,,
1791.781047,true,true,true,,,,,,,,,,,,,,,,,,,,,,,,,,,,,,,,,,,,
1791.781047,true,true,true,,,,,,,,,,,,,,,,,,,,,,,,,,,,,,,,,,,,
1791.863054,true,true,true,,,,,,,,,,,,,,,,,,,,,,,,,,,,,,,,,,,,
1791.863054,true,true,true,,,,,,,,,,,,,,,,,,,,,,,,,,,,,,,,,,,,
1791.947925,true,true,true,,,,,,,,,,,,,,,,,,,,,,,,,,,,,,,,,,,,
1791.947925,true,true,true,,,,,,,,,,,,,,,,,,,,,,,,,,,,,,,,,,,,
1792.033152,true,true,true,,,,,,,,,,,,,,,,,,,,,,,,,,,,,,,,,,,,
1792.033152,true,true,true,,,,,,,,,,,,,,,,,,,,,,,,,,,,,,,,,,,,
1792.113609,true,true,true,,,,,,,,,,,,,,,,,,,,,,,,,,,,,,,,,,,,
1792.113609,true,true,true,,,,,,,,,,,,,,,,,,,,,,,,,,,,,,,,,,,,
1792.19292,true,true,true,,,,,,,,,,,,,,,,,,,,,,,,,,,,,,,,,,,,
1792.19292,true,true,true,,,,,,,,,,,,,,,,,,,,,,,,,,,,,,,,,,,,
1792.275248,true,true,true,,,,,,,,,,,,,,,,,,,,,,,,,,,,,,,,,,,,
1792.275248,true,true,true,,,,,,,,,,,,,,,,,,,,,,,,,,,,,,,,,,,,
1792.354469,true,true,true,,,,,,,,,,,,,,,,,,,,,,,,,,,,,,,,,,,,
1792.354469,true,true,true,,,,,,,,,,,,,,,,,,,,,,,,,,,,,,,,,,,,
1792.439748,true,true,true,,,,,,,,,,,,,,,,,,,,,,,,,,,,,,,,,,,,
1792.439748,true,true,true,,,,,,,,,,,,,,,,,,,,,,,,,,,,,,,,,,,,
1792.515959,true,true,true,,,,,,,,,,,,,,,,,,,,,,,,,,,,,,,,,,,,
1792.515959,true,true,true,,,,,,,,,,,,,,,,,,,,,,,,,,,,,,,,,,,,
1792.605261,true,true,true,,,,,,,,,,,,,,,,,,,,,,,,,,,,,,,,,,,,
1792.605261,true,true,true,,,,,,,,,,,,,,,,,,,,,,,,,,,,,,,,,,,,
1792.681858,true,true,true,,,,,,,,,,,,,,,,,,,,,,,,,,,,,,,,,,,,
1792.681858,true,true,true,,,,,,,,,,,,,,,,,,,,,,,,,,,,,,,,,,,,
1792.764685,true,true,true,,,,,,,,,,,,,,,,,,,,,,,,,,,,,,,,,,,,
1792.764685,true,true,true,,,,,,,,,,,,,,,,,,,,,,,,,,,,,,,,,,,,
1792.84196,true,true,true,,,,,,,,,,,,,,,,,,,,,,,,,,,,,,,,,,,,
1792.84196,true,true,true,,,,,,,,,,,,,,,,,,,,,,,,,,,,,,,,,,,,
1792.937571,true,true,true,,,,,,,,,,,,,,,,,,,,,,,,,,,,,,,,,,,,
1792.937571,true,true,true,,,,,,,,,,,,,,,,,,,,,,,,,,,,,,,,,,,,
1793.00893,true,true,true,,,,,,,,,,,,,,,,,,,,,,,,,,,,,,,,,,,,
1793.00893,true,true,true,,,,,,,,,,,,,,,,,,,,,,,,,,,,,,,,,,,,
1793.0913799999998,true,true,true,,,,,,,,,,,,,,,,,,,,,,,,,,,,,,,,,,,,
1793.0913799999998,true,true,true,,,,,,,,,,,,,,,,,,,,,,,,,,,,,,,,,,,,
1793.172487,true,true,true,,,,,,,,,,,,,,,,,,,,,,,,,,,,,,,,,,,,
1793.172487,true,true,true,,,,,,,,,,,,,,,,,,,,,,,,,,,,,,,,,,,,
1793.264449,true,true,true,,,,,,,,,,,,,,,,,,,,,,,,,,,,,,,,,,,,
1793.264449,true,true,true,,,,,,,,,,,,,,,,,,,,,,,,,,,,,,,,,,,,
1793.344615,true,true,true,,,,,,,,,,,,,,,,,,,,,,,,,,,,,,,,,,,,
1793.344615,true,true,true,,,,,,,,,,,,,,,,,,,,,,,,,,,,,,,,,,,,
1793.426491,true,true,true,,,,,,,,,,,,,,,,,,,,,,,,,,,,,,,,,,,,
1793.426491,true,true,true,,,,,,,,,,,,,,,,,,,,,,,,,,,,,,,,,,,,
1793.5139450000001,true,true,true,,,,,,,,,,,,,,,,,,,,,,,,,,,,,,,,,,,,
1793.5139450000001,true,true,true,,,,,,,,,,,,,,,,,,,,,,,,,,,,,,,,,,,,
1793.593071,true,true,true,,,,,,,,,,,,,,,,,,,,,,,,,,,,,,,,,,,,
1793.593071,true,true,true,,,,,,,,,,,,,,,,,,,,,,,,,,,,,,,,,,,,
1793.6699820000001,true,true,true,,,,,,,,,,,,,,,,,,,,,,,,,,,,,,,,,,,,
1793.6699820000001,true,true,true,,,,,,,,,,,,,,,,,,,,,,,,,,,,,,,,,,,,
1793.764653,true,true,true,,,,,,,,,,,,,,,,,,,,,,,,,,,,,,,,,,,,
1793.764653,true,true,true,,,,,,,,,,,,,,,,,,,,,,,,,,,,,,,,,,,,
1793.843985,true,true,true,,,,,,,,,,,,,,,,,,,,,,,,,,,,,,,,,,,,
1793.843985,true,true,true,,,,,,,,,,,,,,,,,,,,,,,,,,,,,,,,,,,,
1793.94507,true,true,true,,,,,,,,,,,,,,,,,,,,,,,,,,,,,,,,,,,,
1793.94507,true,true,true,,,,,,,,,,,,,,,,,,,,,,,,,,,,,,,,,,,,
1794.024707,true,true,true,,,,,,,,,,,,,,,,,,,,,,,,,,,,,,,,,,,,
1794.024707,true,true,true,,,,,,,,,,,,,,,,,,,,,,,,,,,,,,,,,,,,
1794.099023,true,true,true,,,,,,,,,,,,,,,,,,,,,,,,,,,,,,,,,,,,
1794.099023,true,true,true,,,,,,,,,,,,,,,,,,,,,,,,,,,,,,,,,,,,
1794.181237,true,true,true,,,,,,,,,,,,,,,,,,,,,,,,,,,,,,,,,,,,
1794.181237,true,true,true,,,,,,,,,,,,,,,,,,,,,,,,,,,,,,,,,,,,
1794.256949,true,true,true,,,,,,,,,,,,,,,,,,,,,,,,,,,,,,,,,,,,
1794.256949,true,true,true,,,,,,,,,,,,,,,,,,,,,,,,,,,,,,,,,,,,
1794.323426,true,true,true,,,,,,,,,,,,,,,,,,,,,,,,,,,,,,,,,,,,
1794.323426,true,true,true,,,,,,,,,,,,,,,,,,,,,,,,,,,,,,,,,,,,
1794.384439,true,true,true,,,,,,,,,,,,,,,,,,,,,,,,,,,,,,,,,,,,
1794.384439,true,true,true,,,,,,,,,,,,,,,,,,,,,,,,,,,,,,,,,,,,
1794.450114,true,true,true,,,,,,,,,,,,,,,,,,,,,,,,,,,,,,,,,,,,
1794.450114,true,true,true,,,,,,,,,,,,,,,,,,,,,,,,,,,,,,,,,,,,
1794.5480249999998,true,true,true,,,,,,,,,,,,,,,,,,,,,,,,,,,,,,,,,,,,
1794.5480249999998,true,true,true,,,,,,,,,,,,,,,,,,,,,,,,,,,,,,,,,,,,
1794.635084,true,true,true,,,,,,,,,,,,,,,,,,,,,,,,,,,,,,,,,,,,
1794.635084,true,true,true,,,,,,,,,,,,,,,,,,,,,,,,,,,,,,,,,,,,
1794.7171669999998,true,true,true,,,,,,,,,,,,,,,,,,,,,,,,,,,,,,,,,,,,
1794.7171669999998,true,true,true,,,,,,,,,,,,,,,,,,,,,,,,,,,,,,,,,,,,
1794.801138,true,true,true,,,,,,,,,,,,,,,,,,,,,,,,,,,,,,,,,,,,
1794.801138,true,true,true,,,,,,,,,,,,,,,,,,,,,,,,,,,,,,,,,,,,
1794.8846350000001,true,true,true,,,,,,,,,,,,,,,,,,,,,,,,,,,,,,,,,,,,
1794.8846350000001,true,true,true,,,,,,,,,,,,,,,,,,,,,,,,,,,,,,,,,,,,
1794.967426,true,true,true,,,,,,,,,,,,,,,,,,,,,,,,,,,,,,,,,,,,
1794.967426,true,true,true,,,,,,,,,,,,,,,,,,,,,,,,,,,,,,,,,,,,
1795.051734,true,true,true,,,,,,,,,,,,,,,,,,,,,,,,,,,,,,,,,,,,
1795.051734,true,true,true,,,,,,,,,,,,,,,,,,,,,,,,,,,,,,,,,,,,
1795.135102,true,true,true,,,,,,,,,,,,,,,,,,,,,,,,,,,,,,,,,,,,
1795.135102,true,true,true,,,,,,,,,,,,,,,,,,,,,,,,,,,,,,,,,,,,
1795.2160959999999,true,true,true,,,,,,,,,,,,,,,,,,,,,,,,,,,,,,,,,,,,
1795.2160959999999,true,true,true,,,,,,,,,,,,,,,,,,,,,,,,,,,,,,,,,,,,
1795.285353,true,true,true,,,,,,,,,,,,,,,,,,,,,,,,,,,,,,,,,,,,
1795.285353,true,true,true,,,,,,,,,,,,,,,,,,,,,,,,,,,,,,,,,,,,
1795.365217,true,true,true,,,,,,,,,,,,,,,,,,,,,,,,,,,,,,,,,,,,
1795.365217,true,true,true,,,,,,,,,,,,,,,,,,,,,,,,,,,,,,,,,,,,
1795.4391799999999,true,true,true,,,,,,,,,,,,,,,,,,,,,,,,,,,,,,,,,,,,
1795.4391799999999,true,true,true,,,,,,,,,,,,,,,,,,,,,,,,,,,,,,,,,,,,
1795.497989,true,true,true,,,,,,,,,,,,,,,,,,,,,,,,,,,,,,,,,,,,
1795.497989,true,true,true,,,,,,,,,,,,,,,,,,,,,,,,,,,,,,,,,,,,
1795.5666529999999,true,true,true,,,,,,,,,,,,,,,,,,,,,,,,,,,,,,,,,,,,
1795.5666529999999,true,true,true,,,,,,,,,,,,,,,,,,,,,,,,,,,,,,,,,,,,
1795.6562419999998,true,true,true,,,,,,,,,,,,,,,,,,,,,,,,,,,,,,,,,,,,
1795.6562419999998,true,true,true,,,,,,,,,,,,,,,,,,,,,,,,,,,,,,,,,,,,
1795.731879,true,true,true,,,,,,,,,,,,,,,,,,,,,,,,,,,,,,,,,,,,
1795.731879,true,true,true,,,,,,,,,,,,,,,,,,,,,,,,,,,,,,,,,,,,
1795.8232269999999,true,true,true,,,,,,,,,,,,,,,,,,,,,,,,,,,,,,,,,,,,
1795.8232269999999,true,true,true,,,,,,,,,,,,,,,,,,,,,,,,,,,,,,,,,,,,
1795.8891199999998,true,true,true,,,,,,,,,,,,,,,,,,,,,,,,,,,,,,,,,,,,
1795.8891199999998,true,true,true,,,,,,,,,,,,,,,,,,,,,,,,,,,,,,,,,,,,
1795.986145,true,true,true,,,,,,,,,,,,,,,,,,,,,,,,,,,,,,,,,,,,
1795.986145,true,true,true,,,,,,,,,,,,,,,,,,,,,,,,,,,,,,,,,,,,
1796.0758270000001,true,true,true,,,,,,,,,,,,,,,,,,,,,,,,,,,,,,,,,,,,
1796.0758270000001,true,true,true,,,,,,,,,,,,,,,,,,,,,,,,,,,,,,,,,,,,
1796.1568570000002,true,true,true,,,,,,,,,,,,,,,,,,,,,,,,,,,,,,,,,,,,
1796.1568570000002,true,true,true,,,,,,,,,,,,,,,,,,,,,,,,,,,,,,,,,,,,
1796.2321709999999,true,true,true,,,,,,,,,,,,,,,,,,,,,,,,,,,,,,,,,,,,
1796.2321709999999,true,true,true,,,,,,,,,,,,,,,,,,,,,,,,,,,,,,,,,,,,
1796.315523,true,true,true,,,,,,,,,,,,,,,,,,,,,,,,,,,,,,,,,,,,
1796.315523,true,true,true,,,,,,,,,,,,,,,,,,,,,,,,,,,,,,,,,,,,
1796.385623,true,true,true,,,,,,,,,,,,,,,,,,,,,,,,,,,,,,,,,,,,
1796.385623,true,true,true,,,,,,,,,,,,,,,,,,,,,,,,,,,,,,,,,,,,
1796.4742179999998,true,true,true,,,,,,,,,,,,,,,,,,,,,,,,,,,,,,,,,,,,
1796.4742179999998,true,true,true,,,,,,,,,,,,,,,,,,,,,,,,,,,,,,,,,,,,
1796.551724,true,true,true,,,,,,,,,,,,,,,,,,,,,,,,,,,,,,,,,,,,
1796.551724,true,true,true,,,,,,,,,,,,,,,,,,,,,,,,,,,,,,,,,,,,
1796.6403659999999,true,true,true,,,,,,,,,,,,,,,,,,,,,,,,,,,,,,,,,,,,
1796.6403659999999,true,true,true,,,,,,,,,,,,,,,,,,,,,,,,,,,,,,,,,,,,
1796.713095,true,true,true,,,,,,,,,,,,,,,,,,,,,,,,,,,,,,,,,,,,
1796.713095,true,true,true,,,,,,,,,,,,,,,,,,,,,,,,,,,,,,,,,,,,
1796.7968259999998,true,true,true,,,,,,,,,,,,,,,,,,,,,,,,,,,,,,,,,,,,
1796.7968259999998,true,true,true,,,,,,,,,,,,,,,,,,,,,,,,,,,,,,,,,,,,
1796.8837549999998,true,true,true,,,,,,,,,,,,,,,,,,,,,,,,,,,,,,,,,,,,
1796.8837549999998,true,true,true,,,,,,,,,,,,,,,,,,,,,,,,,,,,,,,,,,,,
1796.967909,true,true,true,,,,,,,,,,,,,,,,,,,,,,,,,,,,,,,,,,,,
1796.967909,true,true,true,,,,,,,,,,,,,,,,,,,,,,,,,,,,,,,,,,,,
1797.060219,true,true,true,,,,,,,,,,,,,,,,,,,,,,,,,,,,,,,,,,,,
1797.060219,true,true,true,,,,,,,,,,,,,,,,,,,,,,,,,,,,,,,,,,,,
1797.1343669999999,true,true,true,,,,,,,,,,,,,,,,,,,,,,,,,,,,,,,,,,,,
1797.1343669999999,true,true,true,,,,,,,,,,,,,,,,,,,,,,,,,,,,,,,,,,,,
1797.2120019999998,true,true,true,,,,,,,,,,,,,,,,,,,,,,,,,,,,,,,,,,,,
1797.2120019999998,true,true,true,,,,,,,,,,,,,,,,,,,,,,,,,,,,,,,,,,,,
1797.2916850000001,true,true,true,,,,,,,,,,,,,,,,,,,,,,,,,,,,,,,,,,,,
1797.2916850000001,true,true,true,,,,,,,,,,,,,,,,,,,,,,,,,,,,,,,,,,,,
1797.372367,true,true,true,,,,,,,,,,,,,,,,,,,,,,,,,,,,,,,,,,,,
1797.372367,true,true,true,,,,,,,,,,,,,,,,,,,,,,,,,,,,,,,,,,,,
1797.451645,true,true,true,,,,,,,,,,,,,,,,,,,,,,,,,,,,,,,,,,,,
1797.451645,true,true,true,,,,,,,,,,,,,,,,,,,,,,,,,,,,,,,,,,,,
1797.533257,true,true,true,,,,,,,,,,,,,,,,,,,,,,,,,,,,,,,,,,,,
1797.533257,true,true,true,,,,,,,,,,,,,,,,,,,,,,,,,,,,,,,,,,,,
1797.620136,true,true,true,,,,,,,,,,,,,,,,,,,,,,,,,,,,,,,,,,,,
1797.620136,true,true,true,,,,,,,,,,,,,,,,,,,,,,,,,,,,,,,,,,,,
1797.705009,true,true,true,,,,,,,,,,,,,,,,,,,,,,,,,,,,,,,,,,,,
1797.705009,true,true,true,,,,,,,,,,,,,,,,,,,,,,,,,,,,,,,,,,,,
